NA,NA,NA,NA,NA,NA
SQ,Supr,Yeti,Kanzen,Rexan,Gryxr
SSG,Luke,Bosco,ThinkingNade,Rampy,Fultz
TSM,Beaulo,Geometric,Chala,Merc,Achieved
DZ,Mint,Hyper,Skyz,Eclipse,NJR
DG,Retro,Shuttle,J90,Iconic,Mark
OXG,FoxA,Laxing,Vertcl,Kyno,Yoggah
BC,Phozzo,Sippin,Rooty,AnthonyMGS,Ghxst
XSET,Tomas,Butterz,Creators,Filty,Drip
MRG,Loading,Nyx,HotanCold,Dream,Benjimoola
EU,EU,EU,EU,EU,EU
G2,Kantoraketti,UUNOMEISTER,CTZN,Virtue,Kayak
BDS,Shaiiko,Renshiro,RaFaLe,Elemzje,BriD
NaVi,Saves,Doki,Blurr,Secretly,Nath
Empire,ShepparD,JoyStiCK,Scyther,Dan,Always
Secret,Drvn,Prano,Hife,Slebben,Gomfi
Vitality,BBoo,risze,P4,Shiinka,Kaktus
VP,wTg,Rask,p4sh4,m1loN,karzheka
COWANA,Anarchic,Grizzly,GorgoNa,Sloth,Kendrew
Rouge,Aceez,Korey,Ripz,LeonGids,cryn
TrainH,Chaoxys,Dirza,Spark,BlaZ,NoerA
BR,BR,BR,BR,BR,BR
BD,live,hugzord,ion,patoxy,yoona
FaZe,Astro,cameram4n,Bulle1,cyber,soulz1
NIP,Kamikaze,Psycho,julio,Muzi,pino
Liquid,nesk,xS3xyCake,Paluh,psk1,HSnamuringa
INTZ,Dudds,Vnx,DRUNKKZZ,Vitzzz,Hornetao
MiBr,reduct,Faallz,LuKid,Rappz,FelipoX
oNe,Lagonis,KDS,Neskin,Alem4o,Levy
W7M,panico,guii,padr1n,HerdsZ,kurtz
SANTOS,rhZ,kondz,Hxnteer,destiny,Stk,freezao
FURIA,h1ghs,LENDA,Miracle,Fntzy,R4re
APACN,APACN,APACN,APACN,APACN,APACN
C9,EnvyTaylor,Static,Nova,Harp3r,SyAIL
CAG,Anitun,SuzuC,Gatorada,BlackRay,Ayagator
FNC,Mag,Lusty,Tex,Stigs,Alphama
FAV,Taipon,Afro,ShiN,No2,K-RAISER
GUTS,CrazyPapiyoN,Lily,Li9ht,Yura,JJ
DWG,aLx3inE,CATsang,yass,Woogiman,coted
TALON,LabyRinth,AzzyyyS,Tomorrow,Soldier,Kanos
T1,iLeven,r3plicA,Vamos,Yeti,Revi
APACS,APACS,APACS,APACS,APACS,APACS
GIANTS,Lunarmetal,Ysaera,HysteRix,SpeakEasy,jrdn
QC,Lycolis,Producerboom,Hajime,Roldinii,Darkk
XV,Sapper,DCH,Nay..Pew,sprOnigiri,AnGryX
7th,Ray-_-,Pikan,Ed,Souffle,S1no
ELV,Dgtl,Vast,GodLeg1on,Worthy,Fishoguy
KNIGHTS,Dino,Hayward,Jsh,juicy,Sageon
ORDER,JackDaddy,Cutie,ItBeStyle,JKR,Speca
WC,Emorin,Gio,Pat,Vincere,syliX